﻿{
  "$schema": "http://schema.management.azure.com/schemas/2015-01-01/deploymentParameters.json#",
  "contentVersion": "1.0.0.0",
  "parameters": {
    "virtualMachinesSettings": {
      "value": {
        "namePrefix": "ra-adds-web",
        "computerNamePrefix": "web",
        "size": "Standard_DS1_v2",
        "osType": "windows",
        "adminUsername": "testuser",
        "adminPassword": "AweS0me@PW",
        "osAuthenticationType": "password",
        "nics": [
          {
            "isPublic": "false",
            "subnetName": "web",
            "privateIPAllocationMethod": "Dynamic",
            "isPrimary": "true",
            "enableIPForwarding": false,
            "dnsServers": [ ]
          }
        ],
        "imageReference": {
          "publisher": "MicrosoftWindowsServer",
          "offer": "WindowsServer",
          "sku": "2012-R2-Datacenter",
          "version": "latest"
        },
        "dataDisks": {
          "count": 1,
          "properties": {
            "diskSizeGB": 128,
            "caching": "None",
            "createOption": "Empty"
          }
        },
        "osDisk": {
          "caching": "ReadWrite"
        },
        "extensions": [
          {
            "name": "iis-config-ext",
            "settingsConfigMapperUri": "https://raw.githubusercontent.com/mspnp/template-building-blocks/master/templates/resources/Microsoft.Compute/virtualMachines/extensions/vm-extension-passthrough-settings-mapper.json",
            "publisher": "Microsoft.Powershell",
            "type": "DSC",
            "typeHandlerVersion": "2.20",
            "autoUpgradeMinorVersion": true,
            "settingsConfig": {
              "modulesUrl": "https://raw.githubusercontent.com/mspnp/reference-architectures/master/guidance-identity-adds/extensions/iisaspnet.ps1.zip",
              "configurationFunction": "iisaspnet.ps1\\iisaspnet"
            },
            "protectedSettingsConfig": { }
          }
        ],

        "availabilitySet": {
          "useExistingAvailabilitySet": "No",
          "name": "ra-adds-web-vm-as"
        }
      }
    },
    "loadBalancerSettings": {
      "value": {
        "name": "ra-adds-web-lb",
        "frontendIPConfigurations": [
          {
            "name": "ra-adds-web-lb-fe",
            "loadBalancerType": "internal",
            "internalLoadBalancerSettings": {
              "privateIPAddress": "10.0.1.254",
              "subnetName": "web"
            }
          }
        ],
        "backendPools": [
          {
            "name": "ra-adds-web-lb-bep",
            "nicIndex": 0
          }
        ],
        "loadBalancingRules": [
          {
            "name": "http-rule",
            "frontendPort": 80,
            "backendPort": 80,
            "protocol": "Tcp",
            "backendPoolName": "ra-adds-web-lb-bep",
            "frontendIPConfigurationName": "ra-adds-web-lb-fe",
            "probeName": "http-probe",
            "enableFloatingIP": false
          },
          {
            "name": "https-rule",
            "frontendPort": 443,
            "backendPort": 443,
            "protocol": "Tcp",
            "backendPoolName": "ra-adds-web-lb-bep",
            "frontendIPConfigurationName": "ra-adds-web-lb-fe",
            "probeName": "https-probe",
            "enableFloatingIP": false
          }
        ],
        "probes": [
          {
            "name": "http-probe",
            "port": 80,
            "protocol": "Http",
            "requestPath": "/"
          },
          {
            "name": "https-probe",
            "port": 443,
            "protocol": "Http",
            "requestPath": null
          }
        ],
        "inboundNatRules": [ ]
      }
    },
    "virtualNetworkSettings": {
      "value": {
        "name": "ra-adds-vnet",
        "resourceGroup": "ra-adds-network-rg"
      }
    },
    "buildingBlockSettings": {
      "value": {
        "storageAccountsCount": 2,
        "vmCount": 2,
        "vmStartIndex": 1
      }
    }
  }
}

