﻿{
  "$schema": "http://schema.management.azure.com/schemas/2015-01-01/deploymentTemplate.json#",
  "contentVersion": "1.0.0.0",
  "parameters": {
    "templateRootUri": {
      "type": "string",
      "defaultValue": "https://raw.githubusercontent.com/mspnp/template-building-blocks/master/",
      "metadata": {
        "description": "Root path for templates"
      }
    },
    "parameterRootUri": {
      "type": "string",
      "defaultValue": "https://raw.githubusercontent.com/mspnp/reference-architectures/master/guidance-hybrid-network-vpn-er/parameters/",
      "metadata": {
        "decription": "Root path for parameters"
      }
    }
  },
  "variables": {
    "templates": {
      "deployment": {
        "expressRouteCircuit": "[uri(parameters('templateRootUri'), 'templates/resources/Microsoft.Network/expressRouteCircuits/expressRouteCircuit.json')]"
      },
      "parameter": {
        "expressRouteCircuit": "[uri(parameters('parameterRootUri'), 'expressRouteCircuit.parameters.json')]"
      }
    }
  },
  "resources": [
    {
      "type": "Microsoft.Resources/deployments",
      "apiVersion": "2015-01-01",
      "name": "ra-hybrid-vpn-er-circuit-deployment",
      "properties": {
        "mode": "Incremental",
        "templateLink": {
          "uri": "[variables('templates').deployment.expressRouteCircuit]"
        },
        "parametersLink": {
          "uri": "[variables('templates').parameter.expressRouteCircuit]"
        }
      }
    }
  ],
  "outputs": {
  }
}