﻿{
  "$schema": "http://schema.management.azure.com/schemas/2015-01-01/deploymentTemplate.json#",
  "contentVersion": "1.0.0.0",
  "parameters": {
    "templateRootUri": {
      "type": "string",
      "defaultValue": "https://raw.githubusercontent.com/mspnp/template-building-blocks/master/",
      "metadata": {
        "description": "Root path for templates"
      }
    },
    "parameterRootUri": {
      "type": "string",
      "defaultValue": "https://raw.githubusercontent.com/mspnp/reference-architectures/master/guidance-compute-n-tier-sql/parameters/",
      "metadata": {
        "decription": "Root path for parameters"
      }
    }
  },
  "variables": {
    "templates": {
      "deployment": {
        "loadBalancer": "[concat(parameters('templateRootUri'), 'templates/buildingBlocks/loadBalancer-backend-n-vm/azuredeploy.json')]",
        "virtualNetwork": "[concat(parameters('templateRootUri'), 'templates/buildingBlocks/vnet-n-subnet/azuredeploy.json')]",
        "virtualMachine": "[concat(parameters('templateRootUri'), 'templates/buildingBlocks/multi-vm-n-nic-m-storage/azuredeploy.json')]",
        "extensions": "[concat(parameters('templateRootUri'), 'templates/buildingBlocks/virtualMachine-extensions/azuredeploy.json')]"
      },
      "parameter": {
        "virtualNetwork": "[concat(parameters('parameterRootUri'), 'virtualNetwork.parameters.json')]",
        "ad": "[concat(parameters('parameterRootUri'), 'adds/ad.parameters.json')]",
        "adPrimaryExtension": "[concat(parameters('parameterRootUri'), 'adds/create-adds-forest-extension.parameters.json')]",
        "adSecondaryExtension": "[concat(parameters('parameterRootUri'), 'adds/add-adds-domain-controller.parameters.json')]",
        "vnetDnsUpdate": "[concat(parameters('parameterRootUri'), 'adds/virtualNetwork-adds-dns.parameters.json')]",
        "sqlServers": "[concat(parameters('parameterRootUri'), 'sql.parameters.json')]",
        "sqlFsw": "[concat(parameters('parameterRootUri'), 'fsw.parameters.json')]",
        "sqlAOIaaSExtensions": "[concat(parameters('parameterRootUri'), 'sql-iaas-ao-extensions.parameters.json')]",
        "sqlConfigureAOExtensions": "[concat(parameters('parameterRootUri'), 'sql-configure-ao-extension.parameters.json')]",
        "managementTier": "[concat(parameters('parameterRootUri'), 'virtualMachines-mgmt.parameters.json')]"
      }
    }
  },
  "resources": [
    {
      "type": "Microsoft.Resources/deployments",
      "apiVersion": "2015-01-01",
      "name": "ra-ntier-sql-vnet-deployment",
      "properties": {
        "mode": "Incremental",
        "templateLink": {
          "uri": "[variables('templates').deployment.virtualNetwork]"
        },
        "parametersLink": {
          "uri": "[variables('templates').parameter.virtualNetwork]",
          "contentVersion": "1.0.0.0"
        }
      }
    },
    {
      "type": "Microsoft.Resources/deployments",
      "apiVersion": "2015-01-01",
      "name": "ra-ntier-sql-mgmt-deployment",
      "dependsOn": [
        "ra-ntier-sql-vnet-deployment"
      ],
      "properties": {
        "mode": "Incremental",
        "templateLink": {
          "uri": "[variables('templates').deployment.virtualMachine]"
        },
        "parametersLink": {
          "uri": "[variables('templates').parameter.managementTier]",
          "contentVersion": "1.0.0.0"
        }
      }
    },
    {
      "type": "Microsoft.Resources/deployments",
      "apiVersion": "2015-01-01",
      "name": "ra-ntier-sql-ad-deployment",
      "dependsOn": [
        "ra-ntier-sql-vnet-deployment"
      ],
      "properties": {
        "mode": "Incremental",
        "templateLink": {
          "uri": "[variables('templates').deployment.virtualMachine]"
        },
        "parametersLink": {
          "uri": "[variables('templates').parameter.ad]",
          "contentVersion": "1.0.0.0"
        }
      }
    },
    {
      "type": "Microsoft.Resources/deployments",
      "apiVersion": "2015-01-01",
      "name": "ra-ntier-sql-update-dns",
      "dependsOn": [
        "ra-ntier-sql-ad-deployment"
      ],
      "properties": {
        "mode": "Incremental",
        "templateLink": {
          "uri": "[variables('templates').deployment.virtualNetwork]"
        },
        "parametersLink": {
          "uri": "[variables('templates').parameter.vnetDnsUpdate]",
          "contentVersion": "1.0.0.0"
        }
      }
    },
    {
      "type": "Microsoft.Resources/deployments",
      "apiVersion": "2015-01-01",
      "name": "ra-ntier-sql-primary-ad-ext",
      "dependsOn": [
        "ra-ntier-sql-update-dns"
      ],
      "properties": {
        "mode": "Incremental",
        "templateLink": {
          "uri": "[variables('templates').deployment.extensions]"
        },
        "parametersLink": {
          "uri": "[variables('templates').parameter.adPrimaryExtension]",
          "contentVersion": "1.0.0.0"
        }
      }
    },
    {
      "type": "Microsoft.Resources/deployments",
      "apiVersion": "2015-01-01",
      "name": "ra-ntier-sql-secondary-ad-ext",
      "dependsOn": [
        "ra-ntier-sql-primary-ad-ext"
      ],
      "properties": {
        "mode": "Incremental",
        "templateLink": {
          "uri": "[variables('templates').deployment.extensions]"
        },
        "parametersLink": {
          "uri": "[variables('templates').parameter.adSecondaryExtension]",
          "contentVersion": "1.0.0.0"
        }
      }
    },
    {
      "type": "Microsoft.Resources/deployments",
      "apiVersion": "2015-01-01",
      "name": "ra-ntier-sql-servers",
      "dependsOn": [
        "ra-ntier-sql-secondary-ad-ext"
      ],
      "properties": {
        "mode": "Incremental",
        "templateLink": {
          "uri": "[variables('templates').deployment.loadBalancer]"
        },
        "parametersLink": {
          "uri": "[variables('templates').parameter.sqlServers]",
          "contentVersion": "1.0.0.0"
        }
      }
    },
    {
      "type": "Microsoft.Resources/deployments",
      "apiVersion": "2015-01-01",
      "name": "ra-ntier-sql-fsw",
      "dependsOn": [
        "ra-ntier-sql-secondary-ad-ext"
      ],
      "properties": {
        "mode": "Incremental",
        "templateLink": {
          "uri": "[variables('templates').deployment.virtualMachine]"
        },
        "parametersLink": {
          "uri": "[variables('templates').parameter.sqlFsw]",
          "contentVersion": "1.0.0.0"
        }
      }
    },
    {
      "type": "Microsoft.Resources/deployments",
      "apiVersion": "2015-01-01",
      "name": "ra-ntier-sql-ao-iaas-ext",
      "dependsOn": [
        "ra-ntier-sql-servers",
        "ra-ntier-sql-fsw"
      ],
      "properties": {
        "mode": "Incremental",
        "templateLink": {
          "uri": "[variables('templates').deployment.extensions]"
        },
        "parametersLink": {
          "uri": "[variables('templates').parameter.sqlAOIaaSExtensions]",
          "contentVersion": "1.0.0.0"
        }
      }
    },
    {
      "type": "Microsoft.Resources/deployments",
      "apiVersion": "2015-01-01",
      "name": "ra-ntier-sql-configure-ao-ext",
      "dependsOn": [
        "ra-ntier-sql-ao-iaas-ext"
      ],
      "properties": {
        "mode": "Incremental",
        "templateLink": {
          "uri": "[variables('templates').deployment.extensions]"
        },
        "parametersLink": {
          "uri": "[variables('templates').parameter.sqlConfigureAOExtensions]",
          "contentVersion": "1.0.0.0"
        }
      }
    }
  ]
}

