﻿{
  "$schema": "http://schema.management.azure.com/schemas/2015-01-01/deploymentParameters.json#",
  "contentVersion": "1.0.0.0",
  "parameters": {
    "virtualMachinesExtensionSettings": {
      "value": [
        {
          "vms": [ "ra-adfs-onpremise-ad-vm1" ],
          "extensions": [
            {
              "name": "install-adds-forest",
              "publisher": "Microsoft.Compute",
              "type": "CustomScriptExtension",
              "typeHandlerVersion": "1.8",
              "autoUpgradeMinorVersion": false,
              "settingsConfigMapperUri": "https://raw.githubusercontent.com/mspnp/reference-architectures/master/guidance-identity-adfs/templates/onpremise/ad-forest-extension-settings-mapper.json",
              "settingsConfig": {
                "activeDirectorySettings": {
                  "domainName": "contoso.com",
                  "domainNetbiosName": "contoso",
                  "safeModePassword": "Saf3M0de@PW"
                },
                "fileUris": [
                  "https://raw.githubusercontent.com/mspnp/reference-architectures/master/guidance-identity-adfs/extensions/adds-forest.ps1"
                ]
              },
              "protectedSettingsConfig": {
              }
            }
          ]
        }
      ]
    }
  }
}
