﻿{
  "$schema": "http://schema.management.azure.com/schemas/2015-01-01/deploymentParameters.json#",
  "contentVersion": "1.0.0.0",
  "parameters": {
    "virtualNetworkSettings": {
      "value": {
        "name": "ra-ntier-sql-vnet",
        "addressPrefixes": [
          "10.0.0.0/16"
        ],
        "subnets": [
          {
            "name": "web",
            "addressPrefix": "10.0.1.0/24"
          },
          {
            "name": "biz",
            "addressPrefix": "10.0.2.0/24"
          },
          {
            "name": "sql",
            "addressPrefix": "10.0.3.0/24"
          },
          {
            "name": "ad",
            "addressPrefix": "10.0.4.0/24"
          },
          {
            "name": "mgmt",
            "addressPrefix": "10.0.0.128/25"
          }
        ],
        "dnsServers": [
          "10.0.4.4",
          "10.0.4.5",
          "168.63.129.16"
        ]
      }
    }
  }
}

