﻿{
  "$schema": "http://schema.management.azure.com/schemas/2015-01-01/deploymentParameters.json#",
  "contentVersion": "1.0.0.0",
  "parameters": {
    "virtualMachinesSettings": {
      "value": {
        "namePrefix": "ra-ntier-sql-jb",
        "computerNamePrefix": "jb",
        "size": "Standard_DS1_v2",
        "osType": "windows",
        "adminUsername": "testuser",
        "adminPassword": "AweS0me@PW",
        "sshPublicKey": "",
        "osAuthenticationType": "password",
        "nics": [
          {
            "isPublic": "true",
            "isPrimary": "true",
            "subnetName": "mgmt",
            "privateIPAllocationMethod": "dynamic",
            "publicIPAllocationMethod": "static",
            "enableIPForwarding": false,
            "domainNameLabelPrefix": "",
            "dnsServers": [ ]
          }
        ],
        "imageReference": {
          "publisher": "MicrosoftWindowsServer",
          "offer": "WindowsServer",
          "sku": "2012-R2-Datacenter",
          "version": "latest"
        },
        "dataDisks": {
          "count": 1,
          "properties": {
            "diskSizeGB": 128,
            "caching": "None",
            "createOption": "Empty"
          }
        },
        "osDisk": {
          "caching": "ReadWrite"
        },
        "extensions": [
          {
            "name": "IaaSAntimalware",
            "publisher": "Microsoft.Azure.Security",
            "type": "IaaSAntimalware",
            "typeHandlerVersion": "1.3",
            "autoUpgradeMinorVersion": true,
            "settingsConfigMapperUri": "https://raw.githubusercontent.com/mspnp/template-building-blocks/master/templates/resources/Microsoft.Compute/virtualMachines/extensions/vm-extension-passthrough-settings-mapper.json",
            "settingsConfig": {
              "AntimalwareEnabled": true,
              "RealtimeProtectionEnabled": "true",
              "ScheduledScanSettings": {
                "isEnabled": "false",
                "day": "7",
                "time": "120",
                "scanType": "Quick"
              },
              "Exclusions": {
                "Extensions": "",
                "Paths": "",
                "Processes": ""
              }
            },
            "protectedSettingsConfig": { }
          }
        ],
        "availabilitySet": {
          "useExistingAvailabilitySet": "No",
          "name": "mgmt-as"
        }
      }
    },
    "virtualNetworkSettings": {
      "value": {
        "name": "ra-ntier-sql-vnet",
        "resourceGroup": "ra-ntier-sql-network-rg"
      }
    },
    "buildingBlockSettings": {
      "value": {
        "storageAccountsCount": 1,
        "vmCount": 1,
        "vmStartIndex": 1
      }
    }
  }
}

