﻿{
  "$schema": "http://schema.management.azure.com/schemas/2015-01-01/deploymentTemplate.json#",
  "contentVersion": "1.0.0.0",
  "parameters": {
    "deploymentContext": { "type": "object" },
    "source": { "type": "object" },
    "context": { "type": "object" }
  },
  "variables": {
    "scriptName": "install-opscenter.sh",
    "opsCenterInstallerUri": "[uri(deployment().properties.templateLink.uri, variables('scriptName'))]",
    "seedNodeName": "rantierdatanode1",
    "location": "[resourceGroup().location]",
    "instance": {
      "settings": {
        "fileUris": [ "[variables('opsCenterInstallerUri')]" ],
        "commandToExecute": "[concat('bash ', variables('scriptName'), ' ', variables('seedNodeName'), ' ', variables('location'))]"
      },
      "protectedSettings": { }
    }
  },
  "resources": [ ],
  "outputs": {
    "settings": {
      "type": "object",
      "value": "[variables('instance')]"
    }
  }
}