﻿{
  "$schema": "http://schema.management.azure.com/schemas/2015-01-01/deploymentParameters.json#",
  "contentVersion": "1.0.0.0",
  "parameters": {
    "virtualNetworkSettings": {
      "value": {
        "name": "ra-multi-vm-vnet",
        "resourceGroup": "ra-multi-vm-rg"
      }
    },
    "networkSecurityGroupsSettings": {
      "value": [
        {
          "name": "ra-multi-vm-nsg",
          "subnets": [
            "web"
          ],
          "networkInterfaces": [
          ],
          "securityRules": [
            {
              "name": "default-allow-rdp",
              "direction": "Inbound",
              "priority": 100,
              "sourceAddressPrefix": "*",
              "destinationAddressPrefix": "*",
              "sourcePortRange": "*",
              "destinationPortRange": "3389",
              "access": "Allow",
              "protocol": "Tcp"
            },
            {
              "name": "default-allow-http",
              "protocol": "Tcp",
              "sourcePortRange": "*",
              "destinationPortRange": "80",
              "sourceAddressPrefix": "*",
              "destinationAddressPrefix": "*",
              "access": "Allow",
              "priority": 110,
              "direction": "Inbound"
            }
          ]
        }
      ]
    }
  }
}

