﻿{
  "$schema": "http://schema.management.azure.com/schemas/2015-01-01/deploymentTemplate.json#",
  "contentVersion": "1.0.0.0",
  "parameters": {
    "appName": {
      "type": "string",
      "minLength": 1,
      "maxLength": 15
    },
    "environment": {
      "type": "string",
      "allowedValues": [
        "dev",
        "prod",
        "qa"
      ]
    },
    "locationShort": {
      "type": "string",
      "minLength": 2,
      "maxLength": 3,
      "metadata": {
        "description": "Two to three character value that identifies the region into which the resources are deployed. Should map to the resource group's location."
      }
    },
    "skuName": {
      "type": "string",
      "defaultValue": "S1",
      "allowedValues": [
        "S1",
        "S2",
        "S3",
        "P1",
        "P2",
        "P3",
        "P4"
      ],
      "metadata": {
        "description": "Describes plan's pricing tier and instance size. Check details at https://azure.microsoft.com/en-us/pricing/details/app-service/"
      }
    },
    "skuCapacity": {
      "type": "int",
      "defaultValue": 1,
      "minValue": 1,
      "metadata": {
        "description": "Describes plan's instance count"
      }
    },
    "administratorLogin": {
      "type": "string"
    },
    "administratorLoginPassword": {
      "type": "securestring"
    },
    "databaseName": {
      "type": "string"
    },
    "collation": {
      "type": "string",
      "defaultValue": "SQL_Latin1_General_CP1_CI_AS"
    },
    "edition": {
      "type": "string",
      "defaultValue": "Standard",
      "allowedValues": [
        "Standard",
        "Premium"
      ]
    },
    "maxSizeBytes": {
      "type": "string",
      "defaultValue": "1073741824"
    },
    "requestedServiceObjectiveName": {
      "type": "string",
      "defaultValue": "S0",
      "allowedValues": [
        "S0",
        "S1",
        "S2",
        "P1",
        "P2",
        "P3"
      ],
      "metadata": {
        "description": "Describes the performance level for Azure SQL Database Edition"
      }
    },
    "storageAccountType": {
      "type": "string",
      "defaultValue": "Standard_LRS",
      "allowedValues": [
        "Standard_LRS",
        "Standard_ZRS",
        "Standard_GRS",
        "Standard_RAGRS",
        "Premium_LRS"
      ]
    }
  },
  "variables": {
    "webSiteName": "[concat(parameters('appName'), '-', parameters('environment'), '-', parameters('locationShort'), '-web')]",
    "sqlserverName": "[concat(parameters('appName'), '-', parameters('environment'), '-', parameters('locationShort'), '-sql')]",
    "hostingPlanName": "[concat(parameters('appName'), '-', parameters('locationShort'), '-web')]",
    "storageAccountName": "[concat(parameters('appName'), 'data001')]"
  },
  "resources": [
    {
      "name": "[variables('sqlserverName')]",
      "type": "Microsoft.Sql/servers",
      "location": "[resourceGroup().location]",
      "tags": {
        "displayName": "SqlServer"
      },
      "apiVersion": "2014-04-01-preview",
      "properties": {
        "administratorLogin": "[parameters('administratorLogin')]",
        "administratorLoginPassword": "[parameters('administratorLoginPassword')]"
      },
      "resources": [
        {
          "name": "[parameters('databaseName')]",
          "type": "databases",
          "location": "[resourceGroup().location]",
          "tags": {
            "displayName": "Database"
          },
          "apiVersion": "2014-04-01-preview",
          "dependsOn": [
            "[concat('Microsoft.Sql/servers/', variables('sqlserverName'))]"
          ],
          "properties": {
            "edition": "[parameters('edition')]",
            "collation": "[parameters('collation')]",
            "maxSizeBytes": "[parameters('maxSizeBytes')]",
            "requestedServiceObjectiveName": "[parameters('requestedServiceObjectiveName')]"
          }
        },
        {
          "type": "firewallrules",
          "apiVersion": "2014-04-01-preview",
          "dependsOn": [
            "[concat('Microsoft.Sql/servers/', variables('sqlserverName'))]"
          ],
          "location": "[resourceGroup().location]",
          "name": "AllowAllWindowsAzureIps",
          "properties": {
            "endIpAddress": "0.0.0.0",
            "startIpAddress": "0.0.0.0"
          }
        }
      ]
    },
    {
      "apiVersion": "2015-08-01",
      "name": "[variables('hostingPlanName')]",
      "type": "Microsoft.Web/serverfarms",
      "location": "[resourceGroup().location]",
      "tags": {
        "displayName": "HostingPlan"
      },
      "sku": {
        "name": "[parameters('skuName')]",
        "capacity": "[parameters('skuCapacity')]"
      },
      "properties": {
        "name": "[variables('hostingPlanName')]"
      }
    },
    {
      "apiVersion": "2015-08-01",
      "name": "[variables('webSiteName')]",
      "type": "Microsoft.Web/sites",
      "location": "[resourceGroup().location]",
      "dependsOn": [
        "[concat('Microsoft.Web/serverFarms/', variables('hostingPlanName'))]"
      ],
      "tags": {
        "[concat('hidden-related:', resourceGroup().id, '/providers/Microsoft.Web/serverfarms/', variables('hostingPlanName'))]": "empty",
        "displayName": "Website"
      },
      "properties": {
        "name": "[variables('webSiteName')]",
        "serverFarmId": "[resourceId('Microsoft.Web/serverfarms', variables('hostingPlanName'))]"
      },
      "resources": [
        {
          "apiVersion": "2015-08-01",
          "type": "config",
          "name": "connectionstrings",
          "dependsOn": [
            "[concat('Microsoft.Web/Sites/', variables('webSiteName'))]"
          ],
          "properties": {
            "DefaultConnection": {
              "value": "[concat('Data Source=tcp:', reference(concat('Microsoft.Sql/servers/', variables('sqlserverName'))).fullyQualifiedDomainName, ',1433;Initial Catalog=', parameters('databaseName'), ';User Id=', parameters('administratorLogin'), '@', variables('sqlserverName'), ';Password=', parameters('administratorLoginPassword'), ';')]",
              "type": "SQLServer"
            }
          }
        },
        {
          "apiVersion": "2015-08-01",
          "type": "slots",
          "name": "Staging",
          "dependsOn": [
            "[concat('Microsoft.Web/Sites/', variables('webSiteName'))]"
          ],
          "location": "[resourceGroup().location]",
          "properties": {

          }
        },
        {
          "apiVersion": "2015-08-01",
          "type": "slots",
          "name": "LastKnownGood",
          "dependsOn": [
            "[concat('Microsoft.Web/Sites/', variables('webSiteName'))]"
          ],
          "location": "[resourceGroup().location]",
          "properties": {

          }
        }
      ]
    },
    {
      "apiVersion": "2014-04-01",
      "name": "[concat(variables('hostingPlanName'), '-', resourceGroup().name)]",
      "type": "Microsoft.Insights/autoscalesettings",
      "location": "[resourceGroup().location]",
      "tags": {
        "[concat('hidden-link:', resourceGroup().id, '/providers/Microsoft.Web/serverfarms/', variables('hostingPlanName'))]": "Resource",
        "displayName": "AutoScaleSettings"
      },
      "dependsOn": [
        "[concat('Microsoft.Web/serverfarms/', variables('hostingPlanName'))]"
      ],
      "properties": {
        "profiles": [
          {
            "name": "Default",
            "capacity": {
              "minimum": 1,
              "maximum": 2,
              "default": 1
            },
            "rules": [
              {
                "metricTrigger": {
                  "metricName": "CpuPercentage",
                  "metricResourceUri": "[concat(resourceGroup().id, '/providers/Microsoft.Web/serverfarms/', variables('hostingPlanName'))]",
                  "timeGrain": "PT1M",
                  "statistic": "Average",
                  "timeWindow": "PT10M",
                  "timeAggregation": "Average",
                  "operator": "GreaterThan",
                  "threshold": 80.0
                },
                "scaleAction": {
                  "direction": "Increase",
                  "type": "ChangeCount",
                  "value": 1,
                  "cooldown": "PT10M"
                }
              },
              {
                "metricTrigger": {
                  "metricName": "CpuPercentage",
                  "metricResourceUri": "[concat(resourceGroup().id, '/providers/Microsoft.Web/serverfarms/', variables('hostingPlanName'))]",
                  "timeGrain": "PT1M",
                  "statistic": "Average",
                  "timeWindow": "PT1H",
                  "timeAggregation": "Average",
                  "operator": "LessThan",
                  "threshold": 60.0
                },
                "scaleAction": {
                  "direction": "Decrease",
                  "type": "ChangeCount",
                  "value": 1,
                  "cooldown": "PT1H"
                }
              }
            ]
          }
        ],
        "enabled": true,
        "name": "[concat(variables('hostingPlanName'), '-', resourceGroup().name)]",
        "targetResourceUri": "[concat(resourceGroup().id, '/providers/Microsoft.Web/serverfarms/', variables('hostingPlanName'))]"
      }
    },
    {
      "apiVersion": "2014-04-01",
      "name": "[concat('ServerErrors ', variables('webSiteName'))]",
      "type": "Microsoft.Insights/alertrules",
      "location": "[resourceGroup().location]",
      "dependsOn": [
        "[concat('Microsoft.Web/sites/', variables('webSiteName'))]"
      ],
      "tags": {
        "[concat('hidden-link:', resourceGroup().id, '/providers/Microsoft.Web/sites/', variables('webSiteName'))]": "Resource",
        "displayName": "ServerErrorsAlertRule"
      },
      "properties": {
        "name": "[concat('ServerErrors ', variables('webSiteName'))]",
        "description": "[concat(variables('webSiteName'), ' has some server errors, status code 5xx.')]",
        "isEnabled": true,
        "condition": {
          "odata.type": "Microsoft.Azure.Management.Insights.Models.ThresholdRuleCondition",
          "dataSource": {
            "odata.type": "Microsoft.Azure.Management.Insights.Models.RuleMetricDataSource",
            "resourceUri": "[concat(resourceGroup().id, '/providers/Microsoft.Web/sites/', variables('webSiteName'))]",
            "metricName": "Http5xx"
          },
          "operator": "GreaterThan",
          "threshold": 0.0,
          "windowSize": "PT5M"
        },
        "action": {
          "odata.type": "Microsoft.Azure.Management.Insights.Models.RuleEmailAction",
          "sendToServiceOwners": true,
          "customEmails": []
        }
      }
    },
    {
      "apiVersion": "2014-04-01",
      "name": "[concat('ForbiddenRequests ', variables('webSiteName'))]",
      "type": "Microsoft.Insights/alertrules",
      "location": "[resourceGroup().location]",
      "dependsOn": [
        "[concat('Microsoft.Web/sites/', variables('webSiteName'))]"
      ],
      "tags": {
        "[concat('hidden-link:', resourceGroup().id, '/providers/Microsoft.Web/sites/', variables('webSiteName'))]": "Resource",
        "displayName": "ForbiddenRequestsAlertRule"
      },
      "properties": {
        "name": "[concat('ForbiddenRequests ', variables('webSiteName'))]",
        "description": "[concat(variables('webSiteName'), ' has some requests that are forbidden, status code 403.')]",
        "isEnabled": true,
        "condition": {
          "odata.type": "Microsoft.Azure.Management.Insights.Models.ThresholdRuleCondition",
          "dataSource": {
            "odata.type": "Microsoft.Azure.Management.Insights.Models.RuleMetricDataSource",
            "resourceUri": "[concat(resourceGroup().id, '/providers/Microsoft.Web/sites/', variables('webSiteName'))]",
            "metricName": "Http403"
          },
          "operator": "GreaterThan",
          "threshold": 0,
          "windowSize": "PT5M"
        },
        "action": {
          "odata.type": "Microsoft.Azure.Management.Insights.Models.RuleEmailAction",
          "sendToServiceOwners": true,
          "customEmails": []
        }
      }
    },
    {
      "apiVersion": "2014-04-01",
      "name": "[concat('CPUHigh ', variables('hostingPlanName'))]",
      "type": "Microsoft.Insights/alertrules",
      "location": "[resourceGroup().location]",
      "dependsOn": [
        "[concat('Microsoft.Web/serverfarms/', variables('hostingPlanName'))]"
      ],
      "tags": {
        "[concat('hidden-link:', resourceGroup().id, '/providers/Microsoft.Web/serverfarms/', variables('hostingPlanName'))]": "Resource",
        "displayName": "CPUHighAlertRule"
      },
      "properties": {
        "name": "[concat('CPUHigh ', variables('hostingPlanName'))]",
        "description": "[concat('The average CPU is high across all the instances of ', variables('hostingPlanName'))]",
        "isEnabled": true,
        "condition": {
          "odata.type": "Microsoft.Azure.Management.Insights.Models.ThresholdRuleCondition",
          "dataSource": {
            "odata.type": "Microsoft.Azure.Management.Insights.Models.RuleMetricDataSource",
            "resourceUri": "[concat(resourceGroup().id, '/providers/Microsoft.Web/serverfarms/', variables('hostingPlanName'))]",
            "metricName": "CpuPercentage"
          },
          "operator": "GreaterThan",
          "threshold": 90,
          "windowSize": "PT15M"
        },
        "action": {
          "odata.type": "Microsoft.Azure.Management.Insights.Models.RuleEmailAction",
          "sendToServiceOwners": true,
          "customEmails": []
        }
      }
    },
    {
      "apiVersion": "2014-04-01",
      "name": "[concat('LongHttpQueue ', variables('hostingPlanName'))]",
      "type": "Microsoft.Insights/alertrules",
      "location": "[resourceGroup().location]",
      "dependsOn": [
        "[concat('Microsoft.Web/serverfarms/', variables('hostingPlanName'))]"
      ],
      "tags": {
        "[concat('hidden-link:', resourceGroup().id, '/providers/Microsoft.Web/serverfarms/', variables('hostingPlanName'))]": "Resource",
        "displayName": "AutoScaleSettings"
      },
      "properties": {
        "name": "[concat('LongHttpQueue ', variables('hostingPlanName'))]",
        "description": "[concat('The HTTP queue for the instances of ', variables('hostingPlanName'), ' has a large number of pending requests.')]",
        "isEnabled": true,
        "condition": {
          "odata.type": "Microsoft.Azure.Management.Insights.Models.ThresholdRuleCondition",
          "dataSource": {
            "odata.type": "Microsoft.Azure.Management.Insights.Models.RuleMetricDataSource",
            "resourceUri": "[concat(resourceGroup().id, '/providers/Microsoft.Web/serverfarms/', variables('hostingPlanName'))]",
            "metricName": "HttpQueueLength"
          },
          "operator": "GreaterThan",
          "threshold": 100.0,
          "windowSize": "PT5M"
        },
        "action": {
          "odata.type": "Microsoft.Azure.Management.Insights.Models.RuleEmailAction",
          "sendToServiceOwners": true,
          "customEmails": []
        }
      }
    },
    {
      "name": "[variables('storageAccountName')]",
      "type": "Microsoft.Storage/storageAccounts",
      "location": "[resourceGroup().location]",
      "apiVersion": "2015-06-15",
      "dependsOn": [ ],
      "tags": {
        "displayName": "StorageAccount"
      },
      "properties": {
        "accountType": "[parameters('storageAccountType')]"
      }
    }
  ]
}