﻿{
  "$schema": "http://schema.management.azure.com/schemas/2015-01-01/deploymentParameters.json#",
  "contentVersion": "1.0.0.0",
  "parameters": {
    "loadBalancerSettings": {
      "value": {
        "name": "ra-ntier-biz-lb",
        "frontendIPConfigurations": [
          {
            "name": "ra-ntier-biz-lb-fe-config1",
            "loadBalancerType": "internal",
            "domainNameLabel": "",
            "internalLoadBalancerSettings": {
              "privateIPAddress": "10.0.2.250",
              "subnetName": "biz"
            }
          }
        ],
        "loadBalancingRules": [
          {
            "name": "lbr1",
            "frontendPort": 80,
            "backendPort": 80,
            "protocol": "Tcp",
            "backendPoolName": "lb-bep1",
            "frontendIPConfigurationName": "ra-ntier-biz-lb-fe-config1",
            "probeName": "lbp1",
            "enableFloatingIP": false
          }
        ],
        "probes": [
          {
            "name": "lbp1",
            "port": 80,
            "protocol": "Http",
            "requestPath": "/"
          }
        ],
        "backendPools": [
          {
            "name": "lb-bep1",
            "nicIndex": 0
          }
        ],
        "inboundNatRules": [ ]
      }
    },
    "virtualMachinesSettings": {
      "value": {
        "namePrefix": "ra-ntier-biz",
        "computerNamePrefix": "biz",
        "size": "Standard_DS1",
        "adminUsername": "testuser",
        "adminPassword": "AweS0me@PW",
        "osType": "linux",
        "osAuthenticationType": "password",
        "sshPublicKey": "",
        "nics": [
          {
            "isPublic": "false",
            "isPrimary": "true",
            "subnetName": "biz",
            "privateIPAllocationMethod": "dynamic",
            "enableIPForwarding": false,
            "domainNameLabelPrefix": "",
            "dnsServers": [ ]
          }
        ],
        "imageReference": {
          "publisher": "Canonical",
          "offer": "UbuntuServer",
          "sku": "14.04.5-LTS",
          "version": "latest"
        },
        "dataDisks": {
          "count": 1,
          "properties": {
            "diskSizeGB": 128,
            "caching": "None",
            "createOption": "Empty"
          }
        },
        "osDisk": {
          "caching": "ReadWrite"
        },
        "extensions": [ ],
        "availabilitySet": {
          "useExistingAvailabilitySet": "No",
          "name": "ra-ntier-biz-as"
        }
      }
    },
    "virtualNetworkSettings": {
      "value": {
        "name": "ra-ntier-vnet",
        "resourceGroup": "ra-ntier-cassandra-rg"
      }
    },
    "buildingBlockSettings": {
      "value": {
        "storageAccountsCount": 3,
        "vmCount": 3,
        "vmStartIndex": 1
      }
    }
  }
}

