﻿{
  "$schema": "http://schema.management.azure.com/schemas/2015-01-01/deploymentParameters.json#",
  "contentVersion": "1.0.0.0",
  "parameters": {
    "virtualMachinesSettings": {
      "value": {
        "namePrefix": "ra-ntier-data",
        "computerNamePrefix": "data",
        "size": "Standard_DS1",
        "adminUsername": "testuser",
        "adminPassword": "AweS0me@PW",
        "osType": "linux",
        "osAuthenticationType": "password",
        "sshPublicKey": "",
        "nics": [
          {
            "isPublic": "true",
            "isPrimary": "true",
            "subnetName": "data",
            "publicIPAllocationMethod": "dynamic",
            "privateIPAllocationMethod": "dynamic",
            "enableIPForwarding": false,
            "domainNameLabelPrefix": "rantierdatanode",
            "dnsServers": [ ]
          }
        ],
        "imageReference": {
          "publisher": "Canonical",
          "offer": "UbuntuServer",
          "sku": "14.04.5-LTS",
          "version": "latest"
        },
        "dataDisks": {
          "count": 1,
          "properties": {
            "diskSizeGB": 128,
            "caching": "None",
            "createOption": "Empty"
          }
        },
        "osDisk": {
          "caching": "ReadWrite"
        },
        "extensions": [
          {
            "name": "ra-ntier-install-cassandra-ext",
            "settingsConfigMapperUri": "https://raw.githubusercontent.com/mspnp/reference-architectures/master/guidance-compute-n-tier/extensions/linux/cassandra-mapper.json",
            "publisher": "Microsoft.OSTCExtensions",
            "type": "CustomScriptForLinux",
            "typeHandlerVersion": "1.5",
            "autoUpgradeMinorVersion": true,
            "properties": { }
          }
        ],
        "availabilitySet": {
          "useExistingAvailabilitySet": "Yes",
          "name": "ra-ntier-data-as"
        }
      }
    },
    "virtualNetworkSettings": {
      "value": {
        "name": "ra-ntier-vnet",
        "resourceGroup": "ra-ntier-cassandra-rg"
      }
    },
    "buildingBlockSettings": {
      "value": {
        "storageAccountsCount": 6,
        "vmCount": 6,
        "vmStartIndex": 1
      }
    }
  }
}

