﻿{
  "$schema": "http://schema.management.azure.com/schemas/2015-01-01/deploymentParameters.json#",
  "contentVersion": "1.0.0.0",
  "parameters": {
    "loadBalancerSettings": {
      "value": {
        "name": "ra-ntier-web-lb",
        "frontendIPConfigurations": [
          {
            "name": "ra-ntier-web-lb-fe-config1",
            "loadBalancerType": "public",
            "domainNameLabel": "",
            "internalLoadBalancerSettings": { }
          }
        ],
        "loadBalancingRules": [
          {
            "name": "lbr1",
            "frontendPort": 80,
            "backendPort": 80,
            "protocol": "Tcp",
            "backendPoolName": "lb-bep1",
            "frontendIPConfigurationName": "ra-ntier-web-lb-fe-config1",
            "probeName": "lbp1",
            "enableFloatingIP": false
          }
        ],
        "probes": [
          {
            "name": "lbp1",
            "port": 80,
            "protocol": "Http",
            "requestPath": "/"
          }
        ],
        "backendPools": [
          {
            "name": "lb-bep1",
            "nicIndex": 0
          }
        ],
        "inboundNatRules": [ ]
      }
    },
    "virtualMachinesSettings": {
      "value": {
        "namePrefix": "ra-ntier-web",
        "computerNamePrefix": "web",
        "size": "Standard_DS1",
        "adminUsername": "testuser",
        "adminPassword": "AweS0me@PW",
        "osType": "linux",
        "osAuthenticationType": "password",
        "sshPublicKey": "",
        "nics": [
          {
            "isPublic": "false",
            "isPrimary": "true",
            "subnetName": "web",
            "privateIPAllocationMethod": "dynamic",
            "enableIPForwarding": false,
            "dnsServers": [ ]
          }
        ],
        "imageReference": {
          "publisher": "Canonical",
          "offer": "UbuntuServer",
          "sku": "14.04.5-LTS",
          "version": "latest"
        },
        "osDisk": {
          "caching": "ReadWrite"
        },
        "dataDisks": {
          "count": 1,
          "properties": {
            "diskSizeGB": 128,
            "caching": "None",
            "createOption": "Empty"
          }
        },
        "extensions": [
          {
            "name": "apache-config-ext",
            "settingsConfigMapperUri": "https://raw.githubusercontent.com/mspnp/template-building-blocks/master/templates/resources/Microsoft.Compute/virtualMachines/extensions/vm-extension-passthrough-settings-mapper.json",
            "publisher": "Microsoft.OSTCExtensions",
            "type": "CustomScriptForLinux",
            "typeHandlerVersion": "1.5",
            "autoUpgradeMinorVersion": true,
            "settingsConfig": {
              "fileUris": [ "https://raw.githubusercontent.com/mspnp/reference-architectures/master/guidance-compute-multi-vm/extensions/linux/install-apache.sh" ],
              "commandToExecute": "sh install-apache.sh"
            },
            "protectedSettingsConfig": { }
          }
        ],
        "availabilitySet": {
          "useExistingAvailabilitySet": "No",
          "name": "ra-ntier-web-as"
        }
      }
    },
    "virtualNetworkSettings": {
      "value": {
        "name": "ra-ntier-vnet",
        "resourceGroup": "ra-ntier-cassandra-rg"
      }
    },
    "buildingBlockSettings": {
      "value": {
        "storageAccountsCount": 3,
        "vmCount": 3,
        "vmStartIndex": 1
      }
    }
  }
}

