﻿{
  "$schema": "http://schema.management.azure.com/schemas/2015-01-01/deploymentParameters.json#",
  "contentVersion": "1.0.0.0",
  "parameters": {
    "virtualNetworkSettings": {
      "value": {
        "name": "ra-multi-vm-vnet",
        "resourceGroup": "ra-multi-vm-rg",
        "addressPrefixes": [
          "10.0.0.0/16"
        ],
        "subnets": [
          {
            "name": "web",
            "addressPrefix": "10.0.1.0/24"
          }
        ],
        "dnsServers": [ ]
      }
    }
  }
}
