﻿{
  "$schema": "https://schema.management.azure.com/schemas/2015-01-01/deploymentTemplate.json#",
  "contentVersion": "1.0.0.0",
  "parameters": {
    "deploymentContext": {
      "type": "object",
      "defaultValue": {
        "parentTemplateUniqueString": "bbVNG"
      }
    },
    "virtualNetworkSettings": {
      "type": "object"
    },
    "virtualNetworkGatewaySettings": {
      "type": "object"
    }
  },
  "variables": {
    "templateUniqueString": "[uniqueString(concat(string(parameters('deploymentContext')), string(parameters('virtualNetworkSettings')), string(parameters('virtualNetworkGatewaySettings'))))]",
    "virtualNetworkGatewayTemplate": "https://raw.githubusercontent.com/mspnp/template-building-blocks/master/templates/resources/Microsoft.Network/virtualNetworkGateways/virtualNetworkGateway.json",
    "virtualNetworkGatewayDeploymentName": "[concat(parameters('deploymentContext').parentTemplateUniqueString, '-deployGW-', variables('templateUniqueString'))]"
  },
  "resources": [
    {
      "type": "Microsoft.Resources/deployments",
      "apiVersion": "2015-01-01",
      "name": "[variables('virtualNetworkGatewayDeploymentName')]",
      "properties": {
        "mode": "Incremental",
        "templateLink": {
          "uri": "[variables('virtualNetworkGatewayTemplate')]"
        },
        "parameters": {
          "deploymentContext": {
            "value": {
              "parentTemplateUniqueString": "[concat(variables('templateUniqueString'), '-deployGW')]"
            }
          },
          "virtualNetworkSettings": {
            "value": "[parameters('virtualNetworkSettings')]"
          },
          "virtualNetworkGatewaySettings": {
            "value": "[parameters('virtualNetworkGatewaySettings')]"
          }
        }
      }
    }
  ],
  "outputs": {
    "resources": {
      "type": "array",
      "value": "[reference(variables('virtualNetworkGatewayDeploymentName')).outputResources]"
    }
  }
}
