﻿{
  "$schema": "http://schema.management.azure.com/schemas/2015-01-01/deploymentParameters.json#",
  "contentVersion": "1.0.0.0",
  "parameters": {
    "virtualMachinesExtensionSettings": {
      "value": [
        {
          "vms": [ "ra-adfs-adfs-vm1", "ra-adfs-adfs-vm2" ],
          "extensions": [
            {
              "name": "join-ad-domain",
              "publisher": "Microsoft.Compute",
              "type": "JsonADDomainExtension",
              "typeHandlerVersion": "1.3",
              "autoUpgradeMinorVersion": true,
              "settingsConfigMapperUri": "https://raw.githubusercontent.com/mspnp/template-building-blocks/master/templates/resources/Microsoft.Compute/virtualMachines/extensions/vm-extension-passthrough-settings-mapper.json",
              "settingsConfig": {
                "Name": "contoso.com",
                "OUPath": "",
                "User": "contoso.com\\testuser",
                "Restart": true,
                "Options": 3
              },
              "protectedSettingsConfig": {
                "Password": "AweS0me@PW"
              }
            }
          ]
        }
      ]
    }
  }
}
