﻿{
  "$schema": "http://schema.management.azure.com/schemas/2015-01-01/deploymentParameters.json#",
  "contentVersion": "1.0.0.0",
  "parameters": {
    "virtualMachinesExtensionSettings": {
      "value": [
        {
          "vms": [ "ra-adfs-ad-vm1" ],
          "extensions": [
            {
              "name": "install-adds",
              "publisher": "Microsoft.Compute",
              "type": "CustomScriptExtension",
              "typeHandlerVersion": "1.8",
              "autoUpgradeMinorVersion": false,
              "settingsConfigMapperUri": "https://raw.githubusercontent.com/mspnp/reference-architectures/master/guidance-identity-adfs/templates/onpremise/gmsa-extension-settings-mapper.json",
              "settingsConfig": {
                "activeDirectorySettings": {
                  "adminUser": "testuser",
                  "adminPassword": "AweS0me@PW",
                  "netBiosDomainName": "CONTOSO",
                  "fqDomainName": "contoso.com",
                  "gmsaName": "adfsgmsa",
                  "federationName": "adfs.contoso.com",
                  "hostName": "adfs",
                  "hostIp": "10.0.5.30"
                },
                "fileUris": [
                  "https://raw.githubusercontent.com/mspnp/reference-architectures/master/guidance-identity-adfs/extensions/gmsa.ps1"
                ]
              },
              "protectedSettingsConfig": {
              }
            }
          ]
        }
      ]
    }
  }
}
