﻿{
  "$schema": "https://schema.management.azure.com/schemas/2015-01-01/deploymentTemplate.json#",
  "contentVersion": "1.0.0.0",
  "parameters": {
    "templateRootUri": {
      "type": "string",
      "defaultValue": "https://raw.githubusercontent.com/mspnp/template-building-blocks/master/",
      "metadata": {
        "description": "Root path for templates"
      }
    },
    "parameterRootUri": {
      "type": "string",
      "defaultValue": "https://raw.githubusercontent.com/mspnp/reference-architectures/master/guidance-compute-single-vm/parameters/",
      "metadata": {
        "decription": "Root path for parameters"
      }
    },
    "osType": {
      "type": "string",
      "allowedValues": [
        "windows",
        "linux"
      ],
      "defaultValue": "linux",
      "metadata": {
        "description": "Relative path decider for the template parameters."
      }
    }
  },
  "variables": {
    "templates": {
      "deployment": {
        "virtualNetwork": "[uri(parameters('templateRootUri'), 'templates/buildingBlocks/vnet-n-subnet/azuredeploy.json')]",
        "virtualMachine": "[uri(parameters('templateRootUri'), 'templates/buildingBlocks/multi-vm-n-nic-m-storage/azuredeploy.json')]",
        "networkSecurityGroup": "[uri(parameters('templateRootUri'), 'templates/buildingBlocks/networkSecurityGroups/azuredeploy.json')]"
      },
      "parameter": {
        "virtualNetwork": "[uri(parameters('parameterRootUri'), concat(parameters('osType'), '/virtualNetwork.parameters.json'))]",
        "virtualMachine": "[uri(parameters('parameterRootUri'), concat(parameters('osType'), '/virtualMachine.parameters.json'))]",
        "networkSecurityGroup": "[uri(parameters('parameterRootUri'), concat(parameters('osType'), '/networkSecurityGroups.parameters.json'))]"
      }
    }
  },
  "resources": [
    {
      "type": "Microsoft.Resources/deployments",
      "apiVersion": "2015-01-01",
      "name": "ra-single-vm-vnet-deployment",
      "properties": {
        "mode": "Incremental",
        "templateLink": {
          "uri": "[variables('templates').deployment.virtualNetwork]"
        },
        "parametersLink": {
          "uri": "[variables('templates').parameter.virtualNetwork]"
        }
      }
    },
    {
      "type": "Microsoft.Resources/deployments",
      "apiVersion": "2015-01-01",
      "name": "ra-single-vm-deployment",
      "dependsOn": [
        "ra-single-vm-vnet-deployment"
      ],
      "properties": {
        "mode": "Incremental",
        "templateLink": {
          "uri": "[variables('templates').deployment.virtualMachine]"
        },
        "parametersLink": {
          "uri": "[variables('templates').parameter.virtualMachine]"
        }
      }
    },
    {
      "type": "Microsoft.Resources/deployments",
      "apiVersion": "2015-01-01",
      "name": "ra-single-vm-nsg-deployment",
      "dependsOn": [
        "ra-single-vm-deployment"
      ],
      "properties": {
        "mode": "Incremental",
        "templateLink": {
          "uri": "[variables('templates').deployment.networkSecurityGroup]"
        },
        "parametersLink": {
          "uri": "[variables('templates').parameter.networkSecurityGroup]"
        }
      }
    }
  ],
  "outputs": {
  }
}
